Venusaur EX,180,1,Basic Pokemon, ,Grass,Fire x 2, ,Colorless Colorless Colorless Colorless,Poison Powder,Your opponent's Active Pokemon is now Poisoned.,Grass Colorless Colorless,60,Jungle Hammer,Heal 30 damage from this Pokemon,Grass Grass Colorless Colorless,90, , 
M Venusaur EX,230,2,Pokemon Mega,Venusuar EX,Grass,Fire x 2, ,Colorless Colorless Colorless Colorless,Crisis Vine,Your opponent's Active Pokemon is now Paralyzed and Poisoned.,Grass Grass Grass Colorless,120, , , , , , 
Weedle,50,3,Basic Pokemon, ,Grass,Fire x 2, ,Colorless,Leaf Munch,If your opponent's Active Pokemon is a Grass Pokemon this attack does 20 more damage.,Grass,10+, , , , , , 
Kakuna,70,4,Pokemon Stage 1,Weedle,Grass,Fire x 2, ,Colorless Colorless,Harden,During your opponent's next turn. if this Pokemon would be damaged by an attack: prevent that attack's damage done to this Pokemon if that damage is 60 or less.,Grass, , , , , , , 
Beedrill,120,5,Pokemon Stage 2,Kakuna,Grass,Fire x 2, ,Colorless,Poison Jab,Your opponent's Active Pokemon is now Poisoned.,Grass,20,Flash Needle,Flip 3 coins. This attack does 40 damage times the number of heads. If all of them are heads: prevent all effects of attacks: including damage: done to this Pokemon during your opponent's next turn.,Grass Grass,40x, , 
Ledyba,60,6,Basic Pokemon, ,Grass,Fire x 2, ,Colorless,Spinning Attack, ,Grass Grass,30, , , , , , 
Ledian,80,7,Pokemon Stage 1,Leyba,Grass,Fire x 2, ,Colorless, , , , , , , , , , 
Volbeat,70,8,Basic Pokemon, ,Grass,Fire x 2, ,Colorless,Luring Glow,Switch 1 of your opponent's Benched Pokemon with your opponent's Active Pokemon.,Grass, ,Signal Beam,Your opponent's Active Pokemon is now Confused,Grass Colorless,30, , 
Illumise,70,9,Basic Pokemon, ,Grass,Fire x 2, ,Colorless,Pheromotion,Search your deck for a Grass Pokemon: reveal it: and put it into your hand. Shuffle your deck afterwards.,Grass, ,Quick Attack,Flip a coin. If heads: this attack does 20 more damage.,Grass Colorless,20+, , 
Pansage,60,10,Basic Pokemon, ,Grass,Fire x 2, ,Colorless,Vine Whip, ,Grass,10+,Leech Seed,Heal 10 damage from this Pokemon.,Grass Colorless,20+, , 
Simisage,90,11,Pokemon Stage 1,Pansage,Grass,Fire x 2, ,Colorless,Torment,Choose 1 of your opponent's Active Pokemon's attacks. That Pokemon can't use that attack during your opponent's next turn.,Colorless,20,Solar Beam, ,Grass Grass Colorless,70, , 
Chespin,60,12,Basic Pokemon,  ,Grass,Fire x 2, ,Colorless Colorless,Pin Missile,Flip 4 coins. This attack does 10 damage times the number of heads.,Grass,10x, ,  ,  ,   ,  ,  
Quilladin,90,13,Pokemon Stage 1,Chespin,Grass,Fire x 2, ,Colorless Colorless Colorless,Scrunch,flip a coin. If heads: prevent all damage done to this Pokemon by attacks during your opponent's next turns.,Colorless, ,Wood Hammer,This Pokemon does 10 damage to itself.,Grass Grass Colorless,70,  , 
Chesnaught,160,14,Pokemon Stage 2,Quilladin,Grass,Fire x 2, ,Colorless Colorless Colorless Colorless,Touchdown,Heal 20 damage from this Pokemon.,Grass Grass Colorless Colorless,90,n/a,n/a,n/a,n/a,Spiky Shield - If this Pokemon is your Active Pokemon and is damaged by an opponent's attack (even if this Pokemon is Knocked Out): put 3 damage counters on the Attacking Pokemon.,n/a
Scatterbug,40,15,Basic Pokemon, ,Grass,Fire x 2, ,Colorless,Bug Bite, ,Colorless,10, , , , , , 
Spewpa,80,16,Pokemon Stage 1,Scatterbug,Grass,Fire x 2, ,Colorless Colorless Colorless,Bug Bite, ,Colorless,10,Stun Spore,Flip a coin. If heads: your opponent's Active Pokemon is now Paralyzed., , , , 
Vivillon,130,17,Pokemon Stage 2,Spewpa,Grass,Fire x 2, ,Colorless,Conversion Powder,Choose either Asleep or Poisoned. Your opponent's Active Pokemon is now affected by that Special Condition.,Grass, ,Colorful Wind,This attack does 30 more damage for each different type of basic Energy attached to this Pokemon.,Colorless Colorless Colorless,30+, , 
Skiddo,70,18,Basic Pokemon, ,Grass,Fire x 2, ,Colorless Colorless,Lead,Flip a coin. If heads: search your deck for a Supporter card: reveal it: and put it into your hand. Shuffle your deck afterwad.,Colorless, ,Tackle, ,Grass Colorless Colorless,40, , 
Gogoat,110,19,Pokemon Stage 1,Skiddo,Grass,Fire x 2, ,Colorless Colorless,Lead,Search your deck for up to 2 Supporter cards: reveal it: and put it into your hand. Shuffle your deck afterwad.,Colorless, ,Charge Dash,You may do 20 more damge. If you do: this Pokemon does 20 damage to itself.,Grass Colorless Colorless,70+, , 
Slugma,70,20,Basic Pokemon, ,Fire,Water x 2, ,Colorless Colorless,Flamethrower,Discard an Energy attached to this Pokemon.,Fire Colorless Colorless,50, , , , , , 
Magcargo,110,21,Pokemon Stage 1,Magcargo,Fire,Water x 2, ,Colorless Colorless Colorless,Magma Mantle,You may discard the top card of your deck. If that card is a Fire Energy card: this attack does 50 more damage.,Fire Colorless,30+,Heat Blast, ,Fire Fire Colorless,80, , 
Pansear,60,22,Basic Pokemon, ,Fire,Water x 2,  ,Colorless,Live Coal,  ,Fire,10,Fireworks,Discard an Energy attached to this Pokemon.,Fire Colorless,30, , 
Simisear,90,23,Pokemon Stage 1,Pansear,Fire,Water x 2, ,Colorless,Yawn,Your opponent's Active Pokemon is now Asleep.,Colorless, ,Flamethrower,Discard a Fire Energy attached to this Pokemon.,Fire Colorless Colorless,90, , 
Fennekin,50,24,Basic Pokemon, ,Fire,Water x 2, ,Colorless,Will-O-Wisp, ,Fire,20, , , , , , 
Braixen,80,25,Pokemon Stage 1,Fennekin,Fire,Water x 2, ,Colorless,Clairvoyant Eye,Look at the top 3 cards of your deck and put them back on top of your deck in order.,Colorless, ,Fire Tail Slap,Discard a Fire Energy attached to this Pokemon.,Fire Colorless,40, , 
Delphox,140,26,Pokemon Stage 2,Braixen,Fire,Water x 2, ,Colorless Colorless,Blaze Ball,This attack does 20 more damage for each Fire Energy attached to this Pokemon.,Colorless Colorless Colorless,50, , , , , , 
Fletchinder,70,27,Pokemon Stage 1,Fletching,Fire,Lighting x 2,Fighting -20,Colorless,Flame Charge,Search your deck for a Fire Energy card and attach it to this Pokemon. Shuffle your deck afterwards.,Colorless, ,Fire Wing, ,Fire Colorless,30, , 
Talonflame,130,28,Pokemon Stage 2,Fletchinder,Fire,Lighting x 2,Fighting -20, ,Devasting Wing,Your opponent shuffles his or her hand into his or her deck and draws 4 cards.,Colorless, ,Flare Blitz,Discard all Fire Energy attached to this Pokemon.,Fire Fire,100, , 
Blastoise EX,180,29,Basic Pokemon, ,Water,Grass x 2, ,Colorless Colorless Colorless,Rapid Spin,Switch this Pokemon with 1 of your Benched Pokemon. Then: your opponent switches his or her Active Pokemon with 1 of his or her Benched Pokemon.,Colorless Colorless,30+,Splash Bomb,Flip a coin. If tails: this Pokemon does 30 damage to itself.,Water Water Water,120, , 
M Blastoise EX,220,30,Pokemon Mega,Blastoise EX,Water,Grass x 2, ,Colorless Colorless Colorless,Hydro Bombard,This attack does 30 damage to 2 of your opponent's Benched Pokemon. (Don't apply Weakness and Resistance for Benched Pokemon.),Water Water Water,120, , , , , , 
Shellder,60,31,Basic Pokemon, ,Water,Grass x 2, ,Colorless,Rain Splash, ,Water Colorless,20, , , , , , 
Cloyster,100,32,Pokemon Stage 1,Shellder,Water,Grass x 2, ,Colorless Colorless Colorless,Clamp Crush,Flip a coin. If heads:your opponent's Active Pokemon is now Paralyzed and discard an Energy attached to that Pokemon.,Water Colorless,30,Spike Cannon,Flip 5 coins. This attack does 30 damage times the number of heads.,Water Water Colorless,30x, , 
Staryu,60,33,Basic Pokemon, ,Water,Grass x 2, ,Colorless,Reckless Charge,This Pokemon does 10 damage to itself.,Water Colorless,30, , , , , , 
Starmie,90,34,Pokemon Stage 1,Staryu,Water,Grass x 2, ,Colorless,Recover,Discard an Energy attached to this Pokemon and heal all damage from it.,Water, ,Core Splash,If this Pokemon has any Psychic Energy attached to it: this attack does 30 more damage.,Water Colorless Colorless,60+, , 
Lapras,110,35,Basic Pokemon, ,Water,Steel x 2, ,Colorless Colorless,Seafaring,Flip 3 coins. For each heads: attach a Water Energy card from your discard pile to your Benched Pokemon in any way you like.,Water, ,Hydro Pump,This attack does 20 more damage for each Water Energ attached to this Pokemon.,Colorless Colorless,10+, , 
Corsola,70,36,Basic Pokemon, ,Water,Grass x 2, ,Colorless,Refresh,Heal 30 damage and remove all Special Conditions from this Pokemon.,Colorless, ,Spiny Rush,Flip a coin until you get tails. This attack does 20 more damage for each heads.,Water Colorless,20+, , 
Panpour,60,37,Basic Pokemon, ,Water,Grass x 2, ,Colorless,Wave Splash, ,Water,10,Water Splash,Flip a coin. If heads: this attack does 20 more damage.,Water Colorless,10+, , 
Simipour,90,38,Pokemon Stage 1,Simipour,Water,Grass x 2, ,Colorless,Recycle,Put a card from your discard ple on top of your deck.,Colorless, ,Surf, ,Water Water Colorless,70, , 
Froakie,50,39,Basic Pokemon, ,Water,Grass x 2, ,Colorless,Bounce,Flip a coin. If heads: switch this Pokemon with 1 of your Benched Pokemon,Water,10, , , , , , 
Frogadier,80,40,Pokemon Stage 1,Froakie,Water,Grass x 2, ,Colorless,Lick,Flip a coin. If heads: your opponent's Active Pokemon is now Paralyzed.,Water Colorless,30+, , , , , , 
Greninja,130,41,Pokemon Stage 2,Frogadier,Water,Grass x 2, ,Colorless,Mist Slash,This attack's damage isn't affect by Weakness: Resistance: or any other efferts on your opponent's Active Pokemon.,Water,50, , , , , , 
Pikachu,60,42,Basic Pokemon, ,Lighting,Fighting x 2,Steel -20,Colorless,Nuzzle,Flip a coin. If heads: your opponent's Active Pokemon is now Paralyzed.,Colorless, ,Quick Attack,Flip a coin. If heads: this attack does 10 more damage.,Colorless Colorless,20+, , 
Raichu,90,43,Pokemon Stage 1,Pikachu,Lighting,Fighting x 2,Steel -20, ,Circle Circut,This attack does 20 damage times the number of your Benched Pokemon.,Colorless Colorless,20x,Thunderbolt,Discard all Energy attached to this Pokemon.,Lighting Lighting Colorless,100, , 
Voltorb,50,44,Basic Pokemon, ,Lighting,Fighting x 2, ,Colorless,Rollout, ,Colorless,10, , , , ,Destiny Burst - If this Pokemon is your Active Pokemon and is Knocked Out by damage from an opponent's attack: flip a coin. If heads: put 5 damage counters on the Attack Pokemon., 
Electrode,90,45,Pokemon Stage 1,Electrode,Lighting,Fighting x 2, ,Colorless,Eerie Impulse,Flip a coin. If heads: discard an Energy attached to 1 of your opponent's Pokemon.,Lighting, ,Rollout, ,Colorless Colorless,40, , 
Emolga EX,110,46,Basic Pokemon, ,Lighting,Lighting x 2,Fighting -20, ,Energy Glide,Search your deck for a Lighting Energy card and attach it to this Pokemon. Shuffle your deck afterward. If you attached Energy in this way: switch this Pokemon with 1 of your Benched Pokemon.,Colorless, ,Electron Crush,You may discard an Energy attached to this Pokemon. If you do: this attack does 30 more damage.,Lighting Colorless Colorless,60+, , 
Ekans,70,47,Basic Pokemon, ,Psychic,Psychic x 2, ,Colorless Colorless,Bite, ,Colorless Colorless,20x, , , , , , 
Arbok,90,48,Pokemon Stage 1,Ekans,Psychic,Psychic x 2, ,Colorless,Gastro Acid,The Defending Pokemon has no Abilities until the end of your next turn.,Colorless,20,Poison Jab,Your opponent's Active Pokemon is now Poisoned.,Psychic Colorless Colorless,50, , 
Spoink,60,49,Basic Pokemon, ,Psychic,Psychic x 2, ,Colorless,Splash, ,Psychic,10, , , , , , 
Grumpig,100,50,Pokemon Stage 1,Spoink,Psychic,Psychic x 2, ,Colorless Colorless,Tricky Steps,You may move an Energy attached to your opponent's Active Pokemon to 1 of your opponent's Benched Pokemon.,Psychic Colorless,30,Psybeam,Your opponent's Active Pokemon is now Confused,Psychic Psychic Colorless,60, , 
Venipede,70,51,Basic Pokemon, ,Psychic,Psychic x 2, ,Colorless Colorless Colorless,Poison Sting,Your opponent's Active Pokemon is now Poisoned.,Psychic Colorless,20, , , , , , 
Whirlipede,90,52,Pokemon Stage 1,Venipede,Psychic,Psychic x 2, ,Colorless Colorless Colorless,Continuous Tumble,Flip a coin until you get tails. This attack does 30 damage times the number of heads.,Psychic Colorless,30x, , , , , , 
Scolipede,150,53,Pokemon Stage 2,Whirlpede,Psychic,Psychic x 2, ,Colorless Colorless Colorless,Random Peck,Flip 2 coins. This attack does 20 more damage for each heads.,Psychic,20+,Poison Ring,Your opponent's Active Pokemon is now Poisoned. That Pokemon can't retreat during your opponent's next turn.,Psychic Colorless Colorless Colorless,70, , 
Phantump,60,54,Basic Pokemon, ,Psychic,Darkness x 2,Fighting -20,Colorless Colorless,Astonish,Choose a random card from your opponent's hand. Your opponent reveals that card and shuffles it into his or her deck.,Psychic, ,Hook, ,Psychic Colorless Colorless,30, , 
Trevenant,110,55,Pokemon Stage 1,Phantump,Psychic,Darkness x 2,Fighting -20,Colorless Colorless Colorless,Tree Slam,This attak does 20 damage to 2 of your opponent's Benched Pokemon. (Don't apply Weakness and Resistance for Benched Pokemon.),Psychic Colorless Colorless,60, , , , ,Forest's Curse - As long as this Pokemon is your Active Pokemon: your opponent can't play any Item cards from his or her hands., 
Pumpkaboo,60,56,Basic Pokemon, ,Psychic,Darkness x 2,Fighting -20,Colorless Colorless,Confuse Ray,Your opponent's Active Pokemon is now Confused.,Psychic, , , , , , , 
Gourgeist,100,57,Pokemon Stage 1,Pumpkaboo,Psychic,Darkness x 2,Fighting -20,Colorless Colorless,Eerie Voice,Put 2 damage counters on each of your opponent's Pokemon.,Psychic, ,Spirit Scream,Put damage counters on both Active Pokemon until the remaining HP of each Pokemon is 10.,Psychic Psychic, , , 
Diglett,50,58,Basic Pokemon, ,Fighting,Grass x 2, ,Colorless,Mine,Look at the top card of your opponent's deck. Then: you may have your opponent shuffle his or her deck.,Fighting, ,Mud-Slap, ,Fighting Colorless,20, , 
Dugtrio,90,59,Pokemon Stage 1,Diglett,Fighting,Grass x 2, ,Colorless,Earthquake,This attack does 10 damage to each of your Benched Pokemon. (Don't apply Weakness and Resistance for Benched Pokemon.),Fighting,60,Rock Tumble,This attack's damage isn't affect by Resistance.,Fighting Colorless Colorless,60+, , 
Rhyhorn,80,60,Basic Pokemon, ,Fighting,Grass x 2, ,Colorless Colorless Colorless,Dig Out,Discard the top card of your deck. If that card is a Fighting Energy card: attach it to this Pokemon.,Fighting,10,Horn Drill, ,Fighting Colorless Colorless,40, , 
Rhydon,100,61,Pokemon Stage 1,Rhyhorn,Fighting,Grass x 2, ,Colorless Colorless Colorless,Horn Drill, ,Fighting Colorless Colorles ,50,Mad Mountain,Flip 2 Coins. If both are heads: discard the top card of your opponent's deck for each damage counter on this Pokemon.,Fighting Fighting Fighting Colorless, , , 
Rhyperior,160,62,Pokemon Stage 2,Rhydon,Fighting,Grass x 2, ,Colorless Colorless Colorless Colorless,Rock Blast,Flip a coin for each Fighting Energy attached to this Pokemon. This attack does 50 damage times the number of heads.,Fighting,50+,Rock Wrecker,This attack's damage isn't affected by Weakness or Resistance. This Pokemon can't attck during your next turn.,Fighting Fighting Colorless Colorless,130, , 
Lunatone,80,63,Basic Pokemon, ,Fighting,Grass x 2, ,Colorless,Double Draw,Draw 2 cards.,Fighting, ,Moonblast,During your opponent's next turn: any damage done by attacks from the Defending Pokemon is reduced by 20 (before applying Weakness and Resistnace).,Fighting Colorless,20, , 
Solrock,90,64,Basic Pokemon, ,Fighting,Grass x 2, ,Colorless Colorless,Cosmic Spin,If Lunatone is on your Bench: this attack does 30 more damge.,Colorless,10+,Solar Beam, ,Fighting Fighting Colorless,60, , 
Timburr,70,65,Basic Pokemon, ,Fighting,Psychic x 2, ,Colorless Colorless,Pummel,Flip a coin: If heads: this attack does 20 more damage.,Fighting Colorless,20+, , , , , ,  
Gurdurr,90,66,Pokemon Stage 1,Timburr,Fighting,Psychic x 2, ,Colorless Colorless Colorless,Pummel,Flip a coin: If heads: this attack does 20 more damage.,Fighting Colorless,20+,Hammer Arm,Discard the top card of your opponent's deck.,Fighting Fighting Colorless,60, , 
Conkeldurr,140,67,Pokemon Stage 2,Gurdurr,Fighting,Psychic x 2, ,Colorless Colorless Colorless,Wake-Up Slap,If your opponent's Active Pokemon is affected by a Special Condition: this attack does 60 more damage. Then: remove all Special Condition from that Pokemon.,Fighting,30+,Dynamic Punch,Flip a coin. If heads: this attack does 40 more daamge and your oppoent's Active Pokemon is now Confused.,Fighting Fighting Colorless,60+, , 
Sableye,80,68,Basic Pokemon, ,Darkness, , ,Colorless,Filch,Draw a card.,Colorless, ,Rip Claw,Flip a coin. If heads: discard an Energy attached to your opponent's Active Pokemon.,Darkness Colorless,30, , 
Sandile,70,69,Basic Pokemon, ,Darkness,Fighting x 2,Psychic -20,Colorless Colorless Colorless,Ram, ,Colorless Colorless,20,Darkness Fang, ,Darkness Darkness Colorless,50, , 
Krokorok,90,70,Pokemon Stage 1,Sandile,Darkness,Fighting x 2,Psychic -20,Colorless Colorless Colorless,Crunch,Flip a coin. If heads: discard an Energy attached to your opponent's Active Pokemon.,Colorless Colorless,20,Darkness Fang, ,Darkness Darkness Colorless,60, , 
Krookodile,140,71,Pokemon Stage 2,Krokorok,Darkness,Fighting x 2,Psychic -20,Colorless Colorless Colorless,Bother,Flip a coin. If heads: your opponent can't play any Supporter cards from his or her hand during his or her next turn.,Darkness Colorless Colorless,50,Knock Back,Your opponent switches his or her Active Pokemon with 1 of his or her Benched Pokemon.,Darkness Darkness Colorless Colorless,80, , 
Zorua,50,72,Basic Pokemon, ,Darkness,Fighting x 2,Psychic -20,Colorless,Scratch, ,Darkness,10,Nasty Plot,Search your deck for a card and put it into your hand. Shuffle your deck afterward., , , , 
Zoroark,100,73,Pokemon Stage 1,Zorua,Darkness,Fighting x 2,Psychic -20,Colorless,Corner,The Defending Pokemon can't retreat during your opponent's next turn.,Darkness,30,Night Claw,Flip a coin. If tails: discard 2 Energy attached to this Pokemon.,Darkness Colorless Colorless,100, , 
Inkay,60,74,Basic Pokemon, ,Darkness,Fighting x 2,Psychic -20,Colorless,Confusion Wave,Both Active Pokemon are now Confused.,Darkness, , , , , ,Upside-Down Evolution - Once during your turn (before your attack): if this Pokemon is Confused: you may search your deck for a card that evolves from this Pokemon and put it onto this Pokemon. (This counts as evolving this Pokemon.) Shuffle your deck afterward.,  
Inkay,50,75,Basic Pokemon, ,Darkness,Fighting x 2,Psychic -20,Colorless,Tackle, ,Colorless,10,Puncture,This attack's damage isn't affected by Resistance.,Darkness Colorless,20, , 
Malamar,100,76,Pokemon Stage 1,Inkay,Darkness,Fighting x 2,Psychic -20,Colorless,Mental Trash,Your opponent flips 4 coins. For each tails: he or she discards a card from his or her hand.,Darkness, ,Distortion Beam,Flip a coin. If heads: your opponent's Active Pokemon is now Asleep. If tails: your opponent's Active Pokemon is now Confused.,Darkness Colorless Colorless,30, , 
Malamar,100,77,Pokemon Stage 1,Inkay,Darkness,Fighting x 2,Psychic -20,Colorless Colorless,Mental Panic,If the Defending Pokemon tries to attack during your opponent's net turn: your opponent's flips a coin. If tails: that attack does nothing.,Colorless,30,Puncture,This attack's damage isn't affected by Resistance.,Darkness Darkness Colorless,70, , 
Yveltal,130,78,Basic Pokemon, ,Darkness,Lighting x 2,Fighting -20,Colorless Colorless,Oblivion Wing,Attach a Darkness Energy card from your discard pile to 1 of your Benched Pokmeon, Darkness,30,Darkness Blade,Flip a coin. If tails: this Pokemon can't attack during your next turn.,Darkness Darkness Colorless,100, , 
Yvetal EX,170,79,Basic Pokemon,  ,Darkness,Lighting x 2,Fighting -20,Colorless Colorless,Evil Ball,This attack does 20 more damage times the amount of Energy attached to both Active Pokemon.,Darkness Colorless,20+,Y Cyclone,Move an Energy from this Pokemon to 1 of your Benched Pokemon.,Darkness Colorless Colorless,90, ,  
Skarmory EX,170,80,Basic Pokemon, ,Steel,Fire x 2,Psychic -20,Colorless,Joust,Before doing damage: discard all Pokemon Tool cards attached to your opponent's Active Pokemon.,Colorless Colorless,30,Tailspin Piledriver,If your opponent's Acitve Pokemon already has any damge counters on it: this attack does 40 more damage.,Steel Steel Colorless,80+, , 
Pawniard,60,81,Basic Pokemon, ,Steel,Fire x 2,Psychic -20,Colorless,Cut Down,Flip a coin. If heads: discard an Energy attached to your opponent's Active Pokemon.,Colorless, ,Metal Claw, ,Steel Colorless,30, , 
Bisharp,90,82,Pokemon Stage 1,Pawniard,Steel,Fire x 2,Psychic -20,Colorless Colorless,Metal Sound,Your opponent's Active Pokemon is now Confused.,Steel, ,Metal Wallop,During your next turn: this Pokemon's Metal Wallop attack does 40 more damge )before applying Weakness and Resistance).,Steel Colorless,40, ,  
Honedge,60,83,Basic Pokemon, ,Steel,Fire x 2,Psychic -20,Colorless Colorless,Pierce, ,Steel,10, , , , , , 
Doublade,80,84,Pokemon Stage 1,Honedge,Steel,Fire x 2,Psychic -20,Colorless Colorless,Dual Blades,Flip 2 coins. This attack does 30 damage times the number of heads.,Steel Colorless,30x, , , , , , 
Aegislash,140,85,Pokemon Stage 2,Doublade,Steel,Fire x 2,Psychic -20,Colorless Colorless Colorless,Buster Swing,This attack's damage isn't affected by Resistance,Steel Steel Colorless Colorless,120, , , , ,Stance Change - Once during your turn (before your attack): you may switch this Pokemon with an Aegislash in your hand. (Any cards attached to this Pokemon: dnage counters: Speical Conditions turns in play: and any other effects remain on the new Pokemon.), 
Aegislash,140,86,Pokemon Stage 2,Doublade,Steel,Fire x 2,Psychic -20,Colorless Colorless Colorless,King's Shield,Prevent all damge done to this Pokemon by attacks during your opponent's next trun. This Pokemon can't use King's Sheild during your next turn.,Steel Steel Colorless Colorless,50, , , , ,Stance Change - Once during your turn (before your attack): you may switch this Pokemon with an Aegislash in your hand. (Any cards attached to this Pokemon: dnage counters: Speical Conditions turns in play: and any other effects remain on the new Pokemon.), 
Jigglypuff,60,87,Basic Pokemon, ,Fairy,Steel x 2,Darkness -20,Colorless,Rollout, ,Colorless,10,Heartfelt Song,Discard a Darkness Energy attached to your opponent's Active Pokemon.,Fairy, , , 
Jigglypuff,70,88,Basic Pokemon, ,Fairy,Steel x 2,Darkness -20,Colorless Colorless,Body Slam,Flip a coin. If heads: your opponent's Active Pokemon is now Paraylzed.,Fairy Colorless,20, , , , , , 
Wigglytuff,100,89,Pokemon Stage 1,Jigglypuff,Fairy,Steel x 2,Darkness -20,Colorless,Gather Energy,Search your deck for a basic energy card and attach it to 1 of your Pokemon. Shuffle your deck afterward.,Colorless, ,Hocus Pinkus,This Defending Pokmeon can't attack during your oppoent's next turn.,Fairy Colorless Colorless,60, , 
Wigglytuff,100,90,Pokemon Stage 1,Jigglypuff,Fairy,Steel x 2,Darkness -20,Colorless Colorless,Ballon Barrage,This attack does 20 damage times the amount of Energy attache to this Pokemon.,Colorless,20x,Double Edge,This Pokemon does 10 damage to itself.,Fairy Fairy Colorless,90, , 
Mr. Mime,80,91,Basic Pokemon, ,Fairy,Steel x 2,Darkness -20,Colorless Colorless,Massage,Heal 60 damage from 1 of your Benched Pokemon.,Fairy Colorless, ,Slap Down,Flip 2 coins. This attack does 20 more damage for each heads.,Fairy Colorless Colorless,40+, , 
Spritzee,50,92,Basic Pokemon, ,Fairy,Steel x 2,Darkness -20,Colorless,Sweet Scent,Heal 20 damage from 1 of your Pokemon,Fairy, ,Flop, ,Colorless Colorless,20, , 
Aromatisse,90,93,Pokemon Stage 1,Spritzee,Fairy,Steel x 2,Darkness -20,Colorless Colorless,Fairy Wind, ,Fairy Fairy Colorless,60, , , , ,Fairy Transfer - As often as you like during your turn (before your attack): you may move a Fairy Energy attached to 1 of your Pokemon to another of your Pokemon., 
Swirlix,60,94,Basic Pokemon, ,Fairy,Steel x 2,Darkness -20,Colorless,Tackle, ,Colorless,10,Fairy Wind, ,Fairy Colorless,20, , 
Slurpuff,90,95,Pokemon Stage 1,Swirlix,Fairy,Steel x 2,Darkness -20,Colorless Colorless,Draining Kiss,Heal 30 damage from this Pokemon.,Fairy Colorless,30, , , , ,Sweet Veil - Each of your Pokemon that has any Fairy Energy attached to it can't be affected by any Special Conditions. (Remove any Special Conditions affecting those Pokemon.), 
Xerneas,130,96,Basic Pokemon, ,Fairy,Steel x 2,Darkness -20,Colorless Colorless,Geomancy,Choose 2 of your Benched Pokemon. For each of those Pokemon: search your deck for a Fairy Energy card and attach it to that Pokemon. Shuffle your deck afterward., , ,Rainbow Spear,Discard an Energy attached to this Pokemon.,Fairy Fairy Colorless,100, , 
Xerneas EX,170,97,Basic Pokemon, ,Fairy,Steel x 2,Darkness -20,Colorless Colorless,Break Through,This attack does 30 damage to 1 of your opponent's Benched Pokemon. (Don't apply Weakness and Resistance for Benched Pokemon.),Fairy Colorless Colorless,60,X Blast,This Pokemon cant use X Blast during your next turn.,Fairy Fairy Colorless Colorless,140, , 
Doduo,70,98,Basic Pokemon, ,Colorless,Lighting x 2,Fighting -20,Colorless,Double Hit,Flip 2 coins. This attack does 30 damage times the number of heads.,Colorless Colorless Colorless,30x, , , , , , 
Dodrio,90,99,Pokemon Stage 1,Doduo,Colorless,Lighting x 2,Fighting -20,Colorless,Rage,This attack does 10 more damage for each damage counter on this Pokemon.,Colorless,20+,Endeavor,Flip 2 coins. This attack does 20 more damage for each heads.,Colorless Colorless Colorless,50+, , 
Tauros,110,100,Basic Pokemon, ,Colorless,Fighting x 2, ,Colorless Colorless,Take Down,This Pokemon does 10 damage to itself.,Colorless,30,Seething Anger,Flip a coin for each damage counter on this Pokemon. This attack does 30 damage times the number of heads.,Colorless Colorless Colorless,30x, , 
Dunsparce,40,101,Basic Pokemon, ,Colorless,Fighting x 2, , ,Glare,Flip a coin. If heads: your opponent's Active Pokemon is now Paralyzed.,Colorless, ,Second Bite,This attack does 10 more damage for each damage counter on your opponent's Active Pokemon.,Colorless Colorless,10+, , 
Taillow,50,102,Basic Pokemon, ,Colorless,Lighting x 2,Fighting -20,Colorless,Aerial Ace,Flip a coin. If heads: this attack does 30 more damage.,Colorless Colorless, , , , , , , 
Swellow,90,103,Pokemon Stage 1,Taillow,Colorless,Lighting x 2,Fighting -20,Colorless,Wing Attack,  ,Colorless Colorless Colorless,60,  ,  ,  ,   ,Drive Off - Once during your turn (before you attack): you may have your opponent switch his or her Active Pokemon with 1 of his or her Benched Pokemon.,  
Skitty,50,104,Basic Pokemon, ,Colorless,Fighting x 2, ,Colorless,Heal Bell,Heal 10 damage from each of your Pokemon.,Colorless, ,Tail Whap, ,Colorless,10, , 
Delcatty,80,105,Pokemon Stage 1,Skitty,Colorless,Fighting x 2, ,Colorless,Energy Salon,Seach your deck for up to 3 different types of basic Energy cards: reveal them: and put them into your hand. Shuffle your deck afterward.,Colorless, ,Fake Out,Flip a coin. If heads: your opponent's Active Pokemon is now Paralyzed.,Colorless Colorless,30, , 
Bidoof,60,106,Basic Pokemon, ,Colorless,Fighting x 2, ,Colorless Colorless Colorless,Hyper Fang,Flip a coin. If tails: this attack does nothing.,Colorless Colorless,40, , , , , , 
Bibarel,100,107,Pokemon Stage 1,Bidoof,Colorless,Fighting x 2, ,Colorless Colorless Colorless,Double Headbutt,Flip 2 coins. This attack does 30 damage times the number of heads.,Colorless Colorless,30x,Hypno Headbutt,You may do 30 more damage. If you do this Pokemon is now Asleep,Colorless Colorless Colorless,60+, , 
Lilipup,50,108,Basic Pokemon, ,Colorless,Fighting x 2,  ,Colorless,Tackle,  ,Colorless,10,Bite,  ,Colorless Colorless,20,  , 
Herdier,80,109,Pokemon Stage 1,Lilipup,Colorless,Fighting x 2, ,Colorless,Bite, ,Colorless Colorless,20,Jump On,Flip a coin. If heads: this attack does 20 more damage.,Colorless Colorless Colorless,50+, , 
Stoutland,140,110,Pokemon Stage 2,Herdier,Colorless,Fighting x 2, ,Colorless Colorless Colorless,Bite Off,If your opponent's Actie Pokemon is a Pokemon-EX: this attack does 60 more damage.,Colorless Colorless Colorless,60+,Wild Barking,This attack does 20 damage to 1 of your opponent's Benched Pokemon. (Don't apply Weakness and Resistance for Benched Pokemon.),Colorless Colorless Colorless Colorless,80, , 
Bunnelby,60,111,Basic Pokemon, ,Colorless,Fighting x 2, ,Colorless,Dig,Flip a coin. If heads: prevent all effects of attacks including damage: done to this Pokemon during your opponent's next turn.,Colorless Colorless,10, , , , , , 
Diggersby,100,112,Pokemon Stage 1, ,Colorless,Fighting x 2, ,Colorless Colorless,Pickup,Put 2 Items cards from your discard pile into your hand.,Colorless Colorless, ,Dig,Flip a coin. If heads: prevent all effects of attacks including damage: done to this Pokemon during your opponent's next turn.,Colorless Colorless Colorless,50, , 
Fletchling,50,113,Basic Pokemon, ,Colorless,Lighting x 2,Fighting -20,Colorless,Me First,Draw a card.,Colorless, ,Peck, ,Colorless Colorless,20, , 
Furfrou,90,114,Basic Pokemon, ,Colorless,Fighting x 2, ,Colorless,Energy Cutoff,Flip a coin. If heads: discard an Energy attached to your opponent's Active Pokemon.,Colorless Colorless Colorless,80, , , , ,Fur Coat Any damage done to this Pokemon by attacks is reduced by 20 (after applying Weakness and Resistance)., 
Cassius,0,115,Trainer, ,Supporter, , , , , , , , , , , , ,Shuffle 1 of your Pokemon and all cards attached to it into your deck.
Evosoda,0,116,Trainer, ,Item, , , , , , , , , , , , ,Search your deck for a card that evolves from 1 of your Pokemon and put it onto that Pokemon. (this counts as evolving that Pokemon.) Shuffle your deck afterward. You can't use this card during your first turn or on a Pokemon that was put into play this turn.
Fairy Garden,0,117,Trainer, ,Stadium, , , , , , , , , , , , ,Each Pokemon that has any Fairy Energy attached to it (both yours and your opponent's) has no Retreat Cost.
Great Ball,0,118,Trainer, ,Item, , , , , , , , , , , , ,Look at the top 7 cards of your deck. You may reveal a Pokemon your find there and put it into your hand. Shuffle the other cards back into your deck.
Hard Charm,0,119,Trainer, ,Item, , , , , , , , , , , , ,Any damage done to the Pokemon this card is attached to by an opponent's attack is reduced by 20 (after applying Weakness and Resistance).
Max Revive,0,120,Trainer, ,Item, , , , , , , , , , , , ,Put a Pokemon from your discard pile on top of your deck.
Muscle Band,0,121,Trainer, ,Item, , , , , , , , , , , , ,The attacks of the Pokemon this card is attached to do 20 more damage to your opponent's Active Pokemon (beore applying Weakness and Resistance).
Professor Sycamore,0,122,Trainer, ,Supporter, , , , , , , , , , , , ,Discard your hand and draw 7 cards.
Professor's Letter,0,123,Trainer, ,Item, , , , , , , , , , , , ,Seach your deck for up to 2 Energy cards: revea them: and put them into your hand. Shuffle your deck afterward.
Red Card,0,124,Trainer, ,Item, , , , , , , , , , , , ,Your opponent shuffles his or her hand into his or her deck and draw 4 cards.
Roller Skates,0,125,Trainer, ,Item, , , , , , , , , , , , ,Flip a coin. If heads: draw 3 cards.
Shadow Circle,0,126,Trainer, ,Stadium, , , , , , , , , , , , ,Each Pokemon that has any Darkness Energy attached to it (both yours and your opponent's) has no Weakness
Shauna,0,127,Trainer, ,Supporter, , , , , , , , , , , , ,Shuffle your hand into your deck. Then: draw 5 cards.
Super Potion,0,128,Trainer, ,Item, , , , , , , , , , , , ,Heal 60 damage from 1 of your Pokemon. If you do:  discard an Energy attached to that Pokemon.
Team Flare Grunt,0,129,Trainer, ,Supporter, , , , , , , , , , , , ,Discard an Energy attached to your opponent's Active Pokemon.
Double Colorless Energy,0,130,Energy Card, ,Special, , , , , , , , , , , , ,Double Colorless Energy provides Colorless Colorless Energy.
Rainbow Energy,0,131,Energy Card, ,Special, , , , , , , , , , , , ,This car provides Colorless Energy. While in play: this card provides every type of Energy but provides only 1 Energy at a time. When you attach this card from your hand to 1 of your Pokemon: put 1 damage counter on that Pokemon.
Grass Energy,0,132,Energy Card, ,Basic, , , , , , , , , , , , , 
Fire Energy,0,133,Energy Card, ,Basic, , , , , , , , , , , , , 
Water Energy,0,134,Energy Card, ,Basic, , , , , , , , , , , , , 
Lighting Energy,0,135,Energy Card, ,Basic, , , , , , , , , , , , , 
Psychic Energy,0,136,Energy Card, ,Basic, , , , , , , , , , , , , 
Fighting Energy,0,137,Energy Card, ,Basic, , , , , , , , , , , , , 
Darkness Energy,0,138,Energy Card, ,Basic, , , , , , , , , , , , , 
Steel Energy,0,139,Energy Card, ,Basic, , , , , , , , , , , , , 
Fairy Energy,0,140,Energy Card, ,Basic, , , , , , , , , , , , , 